Workbook

Sheet Data
A1: 1 | B1: apple | C1: 10.5 | D1: =TRUE() -> TRUE | E1: 45306 | F1: 100 | G1: one hundred | H1: =1/0 -> #DIV/0! | K1: =SUM(1,2,3) | L1: =SUM(1,2,3) -> 6
A2: 2 | B2: banana | C2: -2 | D2: =FALSE() -> FALSE | E2: 45657 | F2: 200 | G2: two hundred | H2: =NA() -> #N/A | K2: =SUM(A1:A6) | L2: =SUM(A1:A6) -> 21
A3: 3 | B3: cherry | C3: 0 | D3: ="" | E3: 45306.75 | F3: 300 | G3: three hundred | K3: =SUM(C1:C6) | L3: =SUM(C1:C6) -> 1000111.8
A4: 4 | B4: date | C4: 100 | E4: 0.5 | F4: 400 | G4: four hundred | K4: =SUM(D1:D6) | L4: =SUM(D1:D6) -> 1
A5: 5 | B5: elderberry | C5: 3.25 | D5: 42 | K5: =SUM(B1:B3) | L5: =SUM(B1:B3) -> 0
A6: 6 | B6: fig | C6: 1000000 | D6: padded | K6: =SUM("3",4) | L6: =SUM("3",4) -> #VALUE!
K7: =SUM(TRUE,1) | L7: =SUM(TRUE(),1) -> 2
K8: =SUM(A1:A3,H1) | L8: =SUM(A1:A3,H1) -> #DIV/0!
K9: =SUM(H1:H2) | L9: =SUM(H1:H2) -> #DIV/0!
K10: =SUM(A1:A2,D4) | L10: =SUM(A1:A2,D4) -> 3
K11: =AVERAGE(A1:A6) | L11: =AVERAGE(A1:A6) -> 3.5
K12: =AVERAGE(C1:C4) | L12: =AVERAGE(C1:C4) -> 27.125
K13: =AVERAGE(B1:B3) | L13: =AVERAGE(B1:B3) -> #DIV/0!
K14: =AVERAGE(A1,H1) | L14: =AVERAGE(A1,H1) -> #DIV/0!
K15: =AVERAGE(D1:D6) | L15: =AVERAGE(D1:D6) -> 0.5
K16: =AVERAGE(1,"3") | L16: =AVERAGE(1,"3") -> #VALUE!
K17: =AVERAGE(A1:A2,D4) | L17: =AVERAGE(A1:A2,D4) -> 1.5
K18: =AVERAGE(0,0) | L18: =AVERAGE(0,0) -> 0
K19: =MIN(C1:C6) | L19: =MIN(C1:C6) -> -2
K20: =MIN(1,2,-3) | L20: =MIN(1,2,-3) -> -3
K21: =MIN(B1:B3) | L21: =MIN(B1:B3) -> 0
K22: =MIN(A1:A3,H1) | L22: =MIN(A1:A3,H1) -> #DIV/0!
K23: =MIN(D1:D2) | L23: =MIN(D1:D2) -> FALSE
K24: =MIN(TRUE,5) | L24: =MIN(TRUE(),5) -> 1
K25: =MIN(C1:C3,D4) | L25: =MIN(C1:C3,D4) -> -2
K26: =MAX(C1:C6) | L26: =MAX(C1:C6) -> 1000000
K27: =MAX(-5,-2) | L27: =MAX(-5,-2) -> -2
K28: =MAX(B1:B3) | L28: =MAX(B1:B3) -> 0
K29: =MAX(H2,1) | L29: =MAX(H2,1) -> #N/A
K30: =MAX(D4,-1) | L30: =MAX(D4,-1) -> -1
K31: =MAX(A1:A6,"x") | L31: =MAX(A1:A6,"x") -> #VALUE!
K32: =MAX(-3,D4) | L32: =MAX(-3,D4) -> -3
K33: =COUNT(A1:A6) | L33: =COUNT(A1:A6) -> 6
K34: =COUNT(A1:D6) | L34: =COUNT(A1:D6) -> 14
K35: =COUNT(1,"a",TRUE) | L35: =COUNT(1,"a",TRUE()) -> 2
K36: =COUNT(B1:B6) | L36: =COUNT(B1:B6) -> 0
K37: =COUNT(H1:H2) | L37: =COUNT(H1:H2) -> 0
K38: =COUNT(D1:D6) | L38: =COUNT(D1:D6) -> 2
K39: =COUNT(E1:E4) | L39: =COUNT(E1:E4) -> 4
K40: =COUNT("5") | L40: =COUNT("5") -> 1
K41: =COUNT(A1,H1) | L41: =COUNT(A1,H1) -> 1
K42: =COUNTA(A1:D6) | L42: =COUNTA(A1:D6) -> 23
K43: =COUNTA(D1:D6) | L43: =COUNTA(D1:D6) -> 5
K44: =COUNTA(H1:H2) | L44: =COUNTA(H1:H2) -> 2
K45: =COUNTA(D4) | L45: =COUNTA(D4) -> 0
K46: =COUNTA(D3) | L46: =COUNTA(D3) -> 1
K47: =COUNTA(1,"",TRUE) | L47: =COUNTA(1,"",TRUE()) -> 3
K48: =ROUND(2.5,0) | L48: =ROUND(2.5,0) -> 3
K49: =ROUND(-2.5,0) | L49: =ROUND(-2.5,0) -> -3
K50: =ROUND(1234.5678,2) | L50: =ROUND(1234.5678,2) -> 1234.57
K51: =ROUND(1234.5678,-2) | L51: =ROUND(1234.5678,-2) -> 1200
K52: =ROUND(C1,0) | L52: =ROUND(C1,0) -> 11
K53: =ROUND(H1,0) | L53: =ROUND(H1,0) -> #DIV/0!
K54: =ROUND("3.7",0) | L54: =ROUND("3.7",0) -> 4
K55: =ROUND(D4,2) | L55: =ROUND(D4,2) -> 0
K56: =ROUND(C5,1) | L56: =ROUND(C5,1) -> 3.3
K57: =ROUND(2.675,2) | L57: =ROUND(2.675,2) -> 2.68
K58: =ROUND(B1,0) | L58: =ROUND(B1,0) -> #VALUE!
K59: =ROUNDUP(2.1,0) | L59: =ROUNDUP(2.1,0) -> 3
K60: =ROUNDUP(-2.1,0) | L60: =ROUNDUP(-2.1,0) -> -3
K61: =ROUNDUP(3.14159,3) | L61: =ROUNDUP(3.14159,3) -> 3.142
K62: =ROUNDUP(C1,0) | L62: =ROUNDUP(C1,0) -> 11
K63: =ROUNDUP(0,0) | L63: =ROUNDUP(0,0) -> 0
K64: =ROUNDUP(H1,1) | L64: =ROUNDUP(H1,1) -> #DIV/0!
K65: =ROUNDUP(1234,-2) | L65: =ROUNDUP(1234,-2) -> 1300
K66: =ROUNDUP(A1:A1,0) | L66: =ROUNDUP(A1,0) -> 1
K67: =ROUNDDOWN(2.9,0) | L67: =ROUNDDOWN(2.9,0) -> 2
K68: =ROUNDDOWN(-2.9,0) | L68: =ROUNDDOWN(-2.9,0) -> -2
K69: =ROUNDDOWN(3.14159,3) | L69: =ROUNDDOWN(3.14159,3) -> 3.141
K70: =ROUNDDOWN(C5,1) | L70: =ROUNDDOWN(C5,1) -> 3.2
K71: =ROUNDDOWN(1999,-3) | L71: =ROUNDDOWN(1999,-3) -> 1000
K72: =ROUNDDOWN(H1,0) | L72: =ROUNDDOWN(H1,0) -> #DIV/0!
K73: =ROUNDDOWN(D4,0) | L73: =ROUNDDOWN(D4,0) -> 0
K74: =INT(2.7) | L74: =INT(2.7) -> 2
K75: =INT(-2.1) | L75: =INT(-2.1) -> -3
K76: =INT(C1) | L76: =INT(C1) -> 10
K77: =INT(C2) | L77: =INT(C2) -> -2
K78: =INT(E3) | L78: =INT(E3) -> 45306
K79: =INT("7.9") | L79: =INT("7.9") -> 7
K80: =INT(H1) | L80: =INT(H1) -> #DIV/0!
K81: =INT(D4) | L81: =INT(D4) -> 0
K82: =INT(TRUE) | L82: =INT(TRUE()) -> 1
K83: =INT(B1) | L83: =INT(B1) -> #VALUE!
K84: =MOD(10,3) | L84: =MOD(10,3) -> 1
K85: =MOD(-10,3) | L85: =MOD(-10,3) -> 2
K86: =MOD(10,-3) | L86: =MOD(10,-3) -> -2
K87: =MOD(5,0) | L87: =MOD(5,0) -> #DIV/0!
K88: =MOD(A6,A3) | L88: =MOD(A6,A3) -> 0
K89: =MOD(C1,3) | L89: =MOD(C1,3) -> 1.5
K90: =MOD(H1,2) | L90: =MOD(H1,2) -> #DIV/0!
K91: =MOD(3.5,1) | L91: =MOD(3.5,1) -> 0.5
K92: =MOD(0,5) | L92: =MOD(0,5) -> 0
K93: =MOD(D4,3) | L93: =MOD(D4,3) -> 0
K94: =ABS(-5) | L94: =ABS(-5) -> 5
K95: =ABS(C2) | L95: =ABS(C2) -> 2
K96: =ABS(0) | L96: =ABS(0) -> 0
K97: =ABS(D4) | L97: =ABS(D4) -> 0
K98: =ABS(H1) | L98: =ABS(H1) -> #DIV/0!
K99: =ABS("-3") | L99: =ABS("-3") -> 3
K100: =ABS(B1) | L100: =ABS(B1) -> #VALUE!
...

Sheet Other
A1: 7 | B1: remote
